index,joint,group,mae_deg_cascaded,mae_deg_blind,mae_deg_hold_state,mae_deg_repeat_command,mae_deg_teleop_gt
0,left_arm_joint_1,left_arm,0.8494,0.7994,0.6498,0.3101,0.0000
1,left_arm_joint_2,left_arm,1.1517,1.0096,0.8605,0.6600,0.0000
2,left_arm_joint_3,left_arm,0.9534,0.9526,0.5690,0.3345,0.0000
3,left_arm_joint_4,left_arm,1.6422,1.3997,1.1217,0.8411,0.0000
4,left_arm_joint_5,left_arm,4.1952,4.0304,3.0184,1.5185,0.0000
5,left_arm_joint_6,left_arm,4.1891,3.8903,3.3413,1.5755,0.0000
6,left_arm_joint_7,left_arm,3.7375,3.5384,2.8526,1.2858,0.0000
7,left_thumb_CMC_FE,left_hand,1.5780,1.4632,1.2188,0.8411,0.0000
8,left_thumb_CMC_AA,left_hand,1.4688,1.3997,0.9008,0.6680,0.0000
9,left_thumb_MCP_FE,left_hand,2.6706,2.5014,1.3443,1.0166,0.0000
10,left_thumb_MCP_AA,left_hand,1.2200,1.1757,0.4952,0.3706,0.0000
11,left_thumb_IP,left_hand,1.4730,1.2975,1.0584,0.8109,0.0000
12,left_index_MCP_FE,left_hand,1.8011,1.5945,1.4038,0.9548,0.0000
13,left_index_MCP_AA,left_hand,0.8566,0.8208,0.5276,0.3206,0.0000
14,left_index_PIP,left_hand,1.6932,1.6255,0.9405,0.6991,0.0000
15,left_index_DIP,left_hand,1.4703,1.2736,0.7671,0.5286,0.0000
16,left_middle_MCP_FE,left_hand,1.9716,1.8461,1.1953,0.8448,0.0000
17,left_middle_MCP_AA,left_hand,0.7509,0.6967,0.5113,0.3672,0.0000
18,left_middle_PIP,left_hand,1.6256,1.3860,1.1335,0.8764,0.0000
19,left_middle_DIP,left_hand,1.7015,1.6012,1.0524,0.8207,0.0000
20,left_ring_MCP_FE,left_hand,2.1993,2.1711,1.2642,0.8964,0.0000
21,left_ring_MCP_AA,left_hand,0.3874,0.3168,0.2524,0.1604,0.0000
22,left_ring_PIP,left_hand,1.0641,0.9354,0.7696,0.5458,0.0000
23,left_ring_DIP,left_hand,3.1594,2.9353,1.0761,0.8484,0.0000
24,left_pinky_CMC,left_hand,1.7969,1.7079,0.9666,0.1155,0.0000
25,left_pinky_MCP_FE,left_hand,3.3006,3.0522,5.1143,0.8774,0.0000
26,left_pinky_MCP_AA,left_hand,0.5642,0.5260,0.4184,0.1831,0.0000
27,left_pinky_PIP,left_hand,1.2810,1.0984,0.7642,0.4895,0.0000
28,left_pinky_DIP,left_hand,3.0401,2.6630,12.1578,0.7065,0.0000
29,right_arm_joint_1,right_arm,0.9761,0.7982,0.7482,0.4199,0.0000
30,right_arm_joint_2,right_arm,1.3920,1.2350,1.1637,0.9488,0.0000
31,right_arm_joint_3,right_arm,1.2120,1.0620,0.9503,0.7198,0.0000
32,right_arm_joint_4,right_arm,1.8621,1.6216,1.4439,1.1596,0.0000
33,right_arm_joint_5,right_arm,5.8258,5.3980,4.1504,2.2307,0.0000
34,right_arm_joint_6,right_arm,4.7503,4.3379,3.9939,2.1787,0.0000
35,right_arm_joint_7,right_arm,3.9517,3.5022,3.4322,1.8818,0.0000
36,right_thumb_CMC_FE,right_hand,2.8614,2.7622,1.3199,0.9407,0.0000
37,right_thumb_CMC_AA,right_hand,1.0902,0.9706,0.7929,0.5686,0.0000
38,right_thumb_MCP_FE,right_hand,2.9644,2.9421,1.5307,1.1739,0.0000
39,right_thumb_MCP_AA,right_hand,1.2331,1.1644,0.6313,0.4683,0.0000
40,right_thumb_IP,right_hand,1.9771,1.8036,0.9762,0.7336,0.0000
41,right_index_MCP_FE,right_hand,2.6411,2.3749,1.7718,1.1728,0.0000
42,right_index_MCP_AA,right_hand,1.0258,0.9079,0.6730,0.3519,0.0000
43,right_index_PIP,right_hand,2.7834,2.6870,1.2835,0.9983,0.0000
44,right_index_DIP,right_hand,2.1093,1.8097,1.1288,0.6781,0.0000
45,right_middle_MCP_FE,right_hand,4.0697,3.8130,2.0524,1.6145,0.0000
46,right_middle_MCP_AA,right_hand,0.3665,0.3075,0.2095,0.1434,0.0000
47,right_middle_PIP,right_hand,1.4816,1.2805,1.0953,0.8400,0.0000
48,right_middle_DIP,right_hand,3.4707,3.2109,1.9757,1.0998,0.0000
49,right_ring_MCP_FE,right_hand,3.7289,3.4813,1.9754,1.5772,0.0000
50,right_ring_MCP_AA,right_hand,0.3912,0.3001,0.2037,0.1252,0.0000
51,right_ring_PIP,right_hand,1.0747,0.9036,0.7916,0.5661,0.0000
52,right_ring_DIP,right_hand,2.9852,2.8271,1.8254,1.0630,0.0000
53,right_pinky_CMC,right_hand,0.8152,0.7315,0.6368,0.1232,0.0000
54,right_pinky_MCP_FE,right_hand,3.5092,3.2439,5.0743,0.7850,0.0000
55,right_pinky_MCP_AA,right_hand,0.5879,0.4874,0.3386,0.1555,0.0000
56,right_pinky_PIP,right_hand,1.3864,1.0970,0.7857,0.5116,0.0000
57,right_pinky_DIP,right_hand,3.0142,2.6255,11.8546,0.6280,0.0000
58,lower_body_joint_1,motor,5.6445,4.2906,0.0025,0.0000,0.0000
59,lower_body_joint_2,motor,5.1429,3.7807,0.0015,0.0000,0.0000
60,lower_body_joint_3,motor,0.4339,0.4051,0.1255,0.0912,0.0000
61,lower_body_joint_4,motor,0.1306,0.1177,0.0535,0.0402,0.0000
62,lower_body_joint_5,motor,0.2207,0.1726,0.1075,0.0815,0.0000
63,neck_joint_1,motor,0.4406,0.3919,0.2809,0.2244,0.0000
64,neck_joint_2,motor,0.3952,0.3418,0.2057,0.1568,0.0000
